PAM, PyRosetta_wt, Kleinstiver_wt, PyRosetta_eqr, Kleinstiver_eqr
aaaa, 0.398081818, 0.99084835, 0.382449524, 0.998585518
aaac, 0.394663179, 0.998025507, 0.407703992, 0.996471841
aaag, 0.394810059, 0.987001827, 0.380866731, 0.915017283
aaat, 0.398981257, 1.00293257, 0.415058469, 0.996056795
aaca, 0.732709773, 0.997495081, 0.403592357, 0.997903621
aacc, 0.774022565, 1.001549727, 0.421737701, 0.979255484
aacg, 0.728933732, 0.985415587, 0.406211967, 0.988142235
aact, 0.775759576, 0.997916843, 0.442804523, 0.994417978
aaga, 0.325991412, 0.378855797, 0.382568374, 0.992313571
aagc, 0.326065826, 0.321482583, 0.406554891, 0.99796341
aagg, 0.327808775, 0.173474665, 0.385293766, 0.997097264
aagt, 0.332427748, 0.422209112, 0.423232484, 0.997284392
aata, 0.971901075, 0.986373903, 0.392673646, 0.987751997
aatc, 0.971626748, 1.00078887, 0.401602911, 1.003631859
aatg, 0.972158375, 0.993836089, 0.393683334, 0.997889432
aatt, 0.971925506, 1.002503018, 0.414467892, 0.995421645
acaa, 0.582111914, 0.989602075, 0.611238689, 0.989608478
acac, 0.585835188, 0.992649556, 0.615244228, 1.000209003
acag, 0.583799259, 0.995458187, 0.618277882, 0.998804596
acat, 0.583733895, 1.004831951, 0.616424543, 0.991905272
acca, 0.656938895, 1.00237201, 0.612148456, 1.00412029
accc, 0.704860872, 1.004987562, 0.616346605, 0.99667879
accg, 0.657455335, 0.982041902, 0.617513651, 0.995164004
acct, 0.693525444, 0.995254866, 0.618033987, 0.994351602
acga, 0.571747271, 0.967584904, 0.607636792, 0.989253338
acgc, 0.572154072, 0.974898097, 0.610422085, 0.996544765
acgg, 0.572644943, 0.415342381, 0.612633676, 0.995754789
acgt, 0.573236384, 0.972667258, 0.611629908, 0.99041812
acta, 1.003537376, 1.003049857, 0.603325121, 0.995337281
actc, 1.003523825, 0.992351926, 0.608406551, 1.003449925
actg, 1.003531845, 0.988406096, 0.611045228, 0.998843729
actt, 1.003568404, 0.994750721, 0.610083158, 1.000474869
agaa, 0.356825678, 0.896221161, 0.189215735, 0.392032809
agac, 0.358422619, 0.850508099, 0.28614602, 0.586313743
agag, 0.362704176, 0.710205098, 0.167129354, 0.107994914
agat, 0.364334367, 0.934746196, 0.28835097, 0.387914167
agca, 0.797894119, 0.981824707, 0.241661553, 0.957928116
agcc, 0.773671925, 0.968060455, 0.312065189, 0.981619094
agcg, 0.79518611, 0.982123371, 0.215941414, 0.257548245
agct, 0.806997748, 0.97872604, 0.300068031, 0.979634885
agga, 0.152194227, 0.142142096, 0.186807956, 0.84441113
aggc, 0.156741623, 0.133164625, 0.290973039, 0.838466997
aggg, 0.172727645, 0.105215289, 0.167117295, 0.612541293
aggt, 0.169930998, 0.11939074, 0.296861263, 0.823170674
agta, 0.953443804, 0.998794018, 0.239241335, 0.988226984
agtc, 0.953329137, 0.981371032, 0.288537737, 0.986084396
agtg, 0.953251839, 0.989406273, 0.178064598, 0.63270894
agtt, 0.953390907, 0.982488972, 0.275655431, 0.983139098
ataa, 1.004978187, 0.995109461, 1.004987559, 1.001949246
atac, 1.004982864, 0.971451144, 0.908389006, 0.992488924
atag, 1.00498268, 0.996194415, 1.004987487, 0.998463336
atat, 1.004982615, 1.003965297, 0.894725661, 1.001852418
atca, 0.994667451, 0.988846743, 0.964413792, 1.000304109
atcc, 0.981857299, 0.967081905, 0.923423821, 0.993091684
atcg, 0.992299045, 0.98798459, 0.965460291, 0.9868831
atct, 0.99473783, 0.997777665, 0.893430608, 1.004918583
atga, 0.985311722, 0.976365904, 1.004987562, 0.97012531
atgc, 0.967794663, 0.937117537, 0.88926979, 0.990204465
atgg, 0.971045985, 0.489489559, 1.004987562, 0.996364364
atgt, 0.982102463, 0.970436347, 0.896997109, 0.99904954
atta, 1.004880178, 0.997645301, 0.858231272, 1.001409154
attc, 1.00485672, 0.992793456, 0.900084408, 0.990298141
attg, 1.004904775, 0.989320958, 0.893619541, 0.996775842
attt, 1.004876428, 0.98195619, 0.926062721, 1.000388026
caaa, 0.395748421, 0.991903938, 0.377356846, 0.989850973
caac, 0.393456094, 0.990922733, 0.400977167, 1.003489402
caag, 0.396713102, 0.994104118, 0.37756957, 0.96435997
caat, 0.399964718, 0.987275302, 0.408425482, 0.995878258
caca, 0.797346223, 0.989908414, 0.401513597, 0.982283313
cacc, 0.77087302, 0.98500756, 0.414476459, 0.997154957
cacg, 0.7881353, 0.985904339, 0.402872832, 1.004987562
cact, 0.78925349, 0.997702071, 0.439877467, 0.994208382
caga, 0.323749544, 0.711923464, 0.384340788, 1.002750951
cagc, 0.321337759, 0.41911509, 0.389912098, 0.992883928
cagg, 0.32721667, 0.715708351, 0.382549361, 0.998816404
cagt, 0.329357023, 0.479633321, 0.424272132, 0.991485782
cata, 0.974918763, 1.000800116, 0.390870857, 0.992465883
catc, 0.974927236, 0.989869219, 0.398867097, 0.993088429
catg, 0.975024526, 1.002858225, 0.393839079, 0.989149212
catt, 0.97484667, 0.98354157, 0.419789687, 0.981223114
ccaa, 0.594769225, 0.992722923, 0.625532079, 0.996950702
ccac, 0.594642885, 0.996141197, 0.6254831, 1.001898534
ccag, 0.595604967, 0.991493795, 0.627020031, 1.001232242
ccat, 0.595998427, 0.993812918, 0.629381617, 0.995624408
ccca, 0.667787407, 0.990214244, 0.624622481, 0.999326967
cccc, 0.679558221, 1.002519819, 0.628320026, 1.004037656
cccg, 0.67094741, 0.999814437, 0.627988912, 0.984953346
ccct, 0.66500849, 0.975415229, 0.627219363, 0.998412473
ccga, 0.582358195, 0.996690923, 0.620423698, 0.993836642
ccgc, 0.58273546, 0.998755256, 0.622264813, 1.004195768
ccgg, 0.583603129, 0.882461867, 0.625338344, 0.998189781
ccgt, 0.583537727, 0.979075384, 0.627493789, 0.993617815
ccta, 1.003515646, 0.990453422, 0.614887424, 1.001438521
cctc, 1.003522588, 0.985434838, 0.627168435, 0.98916847
cctg, 1.003542401, 0.968291428, 0.620444064, 1.001348393
cctt, 1.003523701, 0.992230622, 0.623306897, 1.001666986
cgaa, 0.360340623, 0.943669278, 0.19575214, 0.619423623
cgac, 0.352184777, 0.921896512, 0.289137124, 0.839401946
cgag, 0.359977833, 0.892346802, 0.176580062, 0.102204461
cgat, 0.362638779, 0.956161876, 0.293018602, 0.577117604
cgca, 0.803479434, 0.980907604, 0.246208779, 0.993589983
cgcc, 0.812780167, 0.926399904, 0.315483933, 0.980852825
cgcg, 0.81131648, 0.986635411, 0.227654884, 0.453546143
cgct, 0.808000277, 0.981794514, 0.303688628, 0.989214614
cgga, 0.154569483, 0.138469965, 0.194697732, 0.960361343
cggc, 0.156824542, 0.139655257, 0.295203827, 0.966106365
cggg, 0.174442423, 0.12022208, 0.175243, 0.828719447
cggt, 0.174219761, 0.114969334, 0.302617818, 0.959523628
cgta, 0.960287059, 0.992453836, 0.246184878, 0.988011004
cgtc, 0.960599311, 0.977076673, 0.291362371, 0.994801614
cgtg, 0.960671262, 0.99185232, 0.188749512, 0.775892023
cgtt, 0.960659601, 0.989792303, 0.28142327, 0.984218033
ctaa, 0.827532609, 0.987315211, 0.96258719, 0.97334543
ctac, 0.834905036, 0.980813941, 0.841376588, 0.996054867
ctag, 0.831160131, 0.994981302, 1.004914904, 0.986548295
ctat, 0.889104209, 0.995833139, 0.923357753, 0.993287447
ctca, 0.990105025, 1.004786428, 0.969703255, 0.997490261
ctcc, 0.989122513, 0.997990605, 0.888842386, 1.000492159
ctcg, 0.993511261, 0.997389679, 1.004824459, 0.989560542
ctct, 0.99846898, 0.995781952, 0.907503832, 0.990680814
ctga, 1.002912359, 0.997680689, 0.958781765, 0.978259064
ctgc, 1.003221453, 0.977332693, 0.895296923, 0.991051201
ctgg, 1.003519368, 0.877221874, 1.004652778, 0.97871603
ctgt, 1.003517011, 0.976423145, 0.935890626, 0.992904176
ctta, 1.004886635, 0.976939818, 0.934447934, 0.991665466
cttc, 1.004875451, 0.987946634, 0.939259114, 0.995661349
cttg, 1.00492721, 0.999378889, 0.934584176, 1.000142028
cttt, 1.004929076, 0.999164351, 0.929100506, 0.997995936
gaaa, 0.393249528, 0.989407347, 0.374240526, 0.990643897
gaac, 0.395924044, 0.987904873, 0.385783238, 0.993287303
gaag, 0.397033988, 0.999931952, 0.379736519, 0.739677286
gaat, 0.395953305, 0.999110164, 0.414193621, 0.985620054
gaca, 0.745432364, 0.991102342, 0.401276789, 0.997756986
gacc, 0.76499997, 0.970602958, 0.418384159, 0.979720806
gacg, 0.715234079, 0.989544997, 0.400085522, 0.986304869
gact, 0.751543615, 0.98739088, 0.426349442, 0.987659248
gaga, 0.32614022, 0.201452889, 0.380761552, 0.960194888
gagc, 0.324274292, 0.190770262, 0.391536043, 0.980335978
gagg, 0.326177409, 0.15572426, 0.383038558, 0.955134061
gagt, 0.331225447, 0.158099916, 0.417205926, 0.941861591
gata, 0.97138615, 0.977465064, 0.393591682, 0.990074943
gatc, 0.971475769, 0.994602285, 0.395533389, 0.990444725
gatg, 0.971766443, 0.977316288, 0.387031563, 0.993702663
gatt, 0.971249801, 0.988848936, 0.412413583, 0.98599042
gcaa, 0.595132174, 0.993408824, 0.625302701, 0.987288559
gcac, 0.594532296, 0.986388289, 0.627374311, 0.979001191
gcag, 0.59555772, 0.996005472, 0.633453076, 0.982134291
gcat, 0.595274086, 1.003643833, 0.63501363, 1.001386985
gcca, 0.686416828, 0.989924792, 0.633311999, 0.986457688
gccc, 0.703632454, 0.982323734, 0.632683966, 0.988718873
gccg, 0.696799974, 0.999207356, 0.630283968, 0.994344083
gcct, 0.708869823, 0.986975849, 0.629007612, 1.004039269
gcga, 0.582866579, 0.998371049, 0.617246301, 0.988644815
gcgc, 0.635217077, 0.971636832, 0.622721153, 0.983409408
gcgg, 0.584696657, 0.657896611, 0.620251668, 0.984293985
gcgt, 0.58304678, 0.976591433, 0.626403507, 0.990127311
gcta, 1.003521969, 0.997619411, 0.620172411, 0.995660851
gctc, 1.003505308, 0.992636926, 0.623817681, 1.002248141
gctg, 1.003545214, 0.98239959, 0.619328787, 0.993943154
gctt, 1.00353246, 0.99430938, 0.624660434, 0.994615775
ggaa, 0.353132463, 0.84929219, 0.155882708, 0.523804126
ggac, 0.351029803, 0.814080587, 0.276223642, 0.821981321
ggag, 0.358886744, 0.725387815, 0.130545875, 0.134146309
ggat, 0.361590437, 0.858538684, 0.268202788, 0.46802723
ggca, 0.792543656, 0.874993433, 0.218543638, 0.992179102
ggcc, 0.739419326, 0.87298289, 0.294449263, 1.001852946
ggcg, 0.749603124, 0.88964283, 0.194533395, 0.470914146
ggct, 0.790265135, 0.877871834, 0.280777566, 0.99157385
ggga, 0.124654257, 0.117198663, 0.152432956, 0.943627346
gggc, 0.12888781, 0.131870466, 0.277342168, 0.957805864
gggg, 0.148645097, 0.1, 0.127344069, 0.767639409
gggt, 0.148820261, 0.114205898, 0.277600101, 0.912734236
ggta, 0.952292028, 0.907267808, 0.224295067, 0.996132825
ggtc, 0.952446677, 0.912990607, 0.269524658, 0.986117388
ggtg, 0.952690206, 0.942482539, 0.140928933, 0.804815495
ggtt, 0.952388448, 0.919412248, 0.25472145, 0.990777449
gtaa, 1.004980715, 1.001797675, 1.004348309, 0.992657203
gtac, 0.950588726, 0.999045722, 0.873334775, 1.000407505
gtag, 1.004981204, 0.99188698, 1.004179407, 0.993266223
gtat, 0.981187219, 0.970507178, 0.885790336, 0.985976876
gtca, 0.992073944, 0.991255364, 0.972304126, 0.998021854
gtcc, 0.996760096, 0.992922657, 0.886818012, 0.992931782
gtcg, 0.988871625, 0.990828453, 0.970415352, 0.99458431
gtct, 0.98085987, 0.989277521, 0.889878059, 0.998433901
gtga, 0.977391509, 0.946799048, 1.002413384, 0.991037162
gtgc, 0.979820343, 0.861420725, 0.903195759, 0.996383715
gtgg, 0.971353653, 0.522626085, 0.963368331, 0.994215748
gtgt, 0.984527749, 0.896795252, 0.905343961, 0.986657676
gtta, 1.004903977, 1.004397579, 0.877748223, 0.993515817
gttc, 1.004898485, 0.993619742, 0.887177787, 0.991659872
gttg, 1.004883737, 0.997185627, 0.898499772, 0.996640333
gttt, 1.004888038, 0.998172455, 0.913005232, 0.997578114
taaa, 0.38824943, 0.990414387, 0.367967994, 0.99129431
taac, 0.385839163, 0.988444366, 0.381868863, 0.994013017
taag, 0.391086958, 0.983033688, 0.367858155, 0.945204331
taat, 0.389387625, 0.989854334, 0.40745874, 0.997943708
taca, 0.738755218, 0.997116762, 0.387639778, 0.991488285
tacc, 0.712789134, 0.995282131, 0.411372675, 0.98855618
tacg, 0.727548854, 1.003136315, 0.38730775, 0.996790372
tact, 0.743963657, 0.986751762, 0.425833462, 1.000766085
taga, 0.312449421, 0.713073911, 0.365808661, 0.967008586
tagc, 0.315444946, 0.554288671, 0.378018694, 0.994846674
tagg, 0.317756162, 0.236077783, 0.367038065, 0.980761696
tagt, 0.321299905, 0.711555201, 0.403494742, 0.989974291
tata, 0.98342629, 0.993437131, 0.385566839, 1.001202636
tatc, 0.983463945, 0.996802202, 0.389471072, 0.984694524
tatg, 0.983711128, 0.989530537, 0.376979372, 0.992749625
tatt, 0.983455343, 0.994213548, 0.406546103, 1.000783151
tcaa, 0.570387563, 0.982810096, 0.594944306, 0.997682322
tcac, 0.570046742, 0.987503977, 0.599878011, 0.988769537
tcag, 0.570813085, 0.9932168, 0.599769306, 0.998530289
tcat, 0.569739697, 0.984790285, 0.602252961, 0.996279943
tcca, 0.701591376, 0.987492539, 0.601945963, 1.004878991
tccc, 0.697834434, 0.997070906, 0.602070717, 1.002598192
tccg, 0.694912417, 0.999913043, 0.601609844, 0.989573371
tcct, 0.703181399, 0.998735995, 0.60011703, 0.992053025
tcga, 0.556982895, 0.997506302, 0.584104905, 0.986277109
tcgc, 0.5582053, 1.000448132, 0.59141228, 0.996255658
tcgg, 0.558399752, 0.528634717, 0.592506641, 0.987939869
tcgt, 0.558346731, 0.985867235, 0.594308367, 0.991615682
tcta, 1.003426621, 0.994154066, 0.589299664, 0.991615607
tctc, 1.003357334, 0.991838809, 0.594266582, 0.983820337
tctg, 1.003419186, 0.989638936, 0.591868306, 0.989305748
tctt, 1.003446309, 0.997556927, 0.592583254, 0.991271534
tgaa, 0.349904339, 0.917470713, 0.136242629, 0.415005637
tgac, 0.349972675, 0.87149754, 0.259557777, 0.611001238
tgag, 0.35812386, 0.745408167, 0.103099888, 0.1
tgat, 0.355956983, 0.916779343, 0.257580808, 0.343183675
tgca, 0.801432592, 0.99347188, 0.204164526, 0.979228917
tgcc, 0.822237619, 0.955708551, 0.285323432, 0.976119563
tgcg, 0.804513578, 0.982189837, 0.179424339, 0.300660593
tgct, 0.805086702, 0.988429451, 0.270265468, 0.97122762
tgga, 0.1, 0.128481047, 0.132860852, 0.912090142
tggc, 0.113536496, 0.13325132, 0.273369234, 0.935903877
tggg, 0.135128112, 0.100537531, 0.1, 0.717213946
tggt, 0.133179636, 0.132007631, 0.266567446, 0.823836727
tgta, 0.978014956, 0.985158133, 0.209145377, 0.984680032
tgtc, 0.978557029, 0.982113182, 0.25829204, 0.9792877
tgtg, 0.978648404, 0.987059193, 0.124155863, 0.565045736
tgtt, 0.978003325, 0.983244572, 0.243330309, 0.960151959
ttaa, 0.970201487, 0.995495335, 0.971703125, 0.993678401
ttac, 1.004980341, 1.002900622, 0.820212102, 0.988704149
ttag, 0.985558325, 0.992188564, 0.960381218, 0.986441164
ttat, 1.004985003, 0.991256849, 0.851111593, 0.991592881
ttca, 1.004987562, 0.99810299, 0.964095166, 0.997607379
ttcc, 1.004987559, 0.972375288, 0.842075641, 0.984946754
ttcg, 1.004987562, 0.993550046, 0.965381353, 0.997664775
ttct, 1.004987535, 0.981698733, 0.851862753, 0.997042927
ttga, 0.984004485, 0.977076396, 0.960229155, 0.962341766
ttgc, 0.974246123, 0.984542643, 0.808216019, 0.985902376
ttgg, 0.979496281, 0.586254267, 0.963145878, 0.995015222
ttgt, 0.967646445, 0.993498586, 0.887645154, 0.995469337
ttta, 1.004979105, 0.992714172, 0.855483603, 0.997723571
tttc, 1.004981222, 0.989538219, 0.885745476, 0.986999265
tttg, 1.004980944, 0.991449571, 0.860437443, 0.989312566
tttt, 1.004977794, 0.998592272, 0.876270969, 0.995227202
