SOURCE,CLUSTER_NUM,TOTAL_PAMs,CLUSTER_NORM,CLUSTER_SCORE,CLUSTER_STDEV,PAM_1,PAM_2,PAM_3,PAM_4,NT
wt_known,1,22,0,0.021401336,0.008707206,5,6,0,5,a
wt_known,1,22,0,0.021401336,0.008707206,4,0,0,5,c
wt_known,1,22,0,0.021401336,0.008707206,8,16,22,7,g
wt_known,1,22,0,0.021401336,0.008707206,5,0,0,5,t
wt_known,2,1,0.053338317,0.086912247,0,1,1,0,0,a
wt_known,2,1,0.053338317,0.086912247,0,0,0,0,1,c
wt_known,2,1,0.053338317,0.086912247,0,0,0,1,0,g
wt_known,2,1,0.053338317,0.086912247,0,0,0,0,0,t
wt_known,3,4,0.096535177,0.13996727,0.013531471,3,3,0,1,a
wt_known,3,4,0.096535177,0.13996727,0.013531471,1,1,0,1,c
wt_known,3,4,0.096535177,0.13996727,0.013531471,0,0,4,1,g
wt_known,3,4,0.096535177,0.13996727,0.013531471,0,0,0,1,t
wt_known,4,6,0.175920359,0.237469325,0.038471409,1,2,0,0,a
wt_known,4,6,0.175920359,0.237469325,0.038471409,1,1,0,1,c
wt_known,4,6,0.175920359,0.237469325,0.038471409,1,0,6,4,g
wt_known,4,6,0.175920359,0.237469325,0.038471409,3,3,0,1,t
wt_known,5,1,0.2955187,0.384361778,0,0,0,0,0,a
wt_known,5,1,0.2955187,0.384361778,0,0,1,0,0,c
wt_known,5,1,0.2955187,0.384361778,0,1,0,1,1,g
wt_known,5,1,0.2955187,0.384361778,0,0,0,0,0,t
wt_known,6,7,0.368245255,0.47368561,0.02061659,1,4,3,2,a
wt_known,6,7,0.368245255,0.47368561,0.02061659,2,0,0,0,c
wt_known,6,7,0.368245255,0.47368561,0.02061659,1,3,4,4,g
wt_known,6,7,0.368245255,0.47368561,0.02061659,3,0,0,1,t
wt_known,7,215,1,1.249616141,0.171029751,53,48,61,56,a
wt_known,7,215,1,1.249616141,0.171029751,56,61,64,56,c
wt_known,7,215,1,1.249616141,0.171029751,53,45,26,47,g
wt_known,7,215,1,1.249616141,0.171029751,53,61,64,56,t
wt_sim,1,16,0,21.6585,0.242107414,4,0,0,4,a
wt_sim,1,16,0,21.6585,0.242107414,4,0,0,4,c
wt_sim,1,16,0,21.6585,0.242107414,4,16,16,4,g
wt_sim,1,16,0,21.6585,0.242107414,4,0,0,4,t
wt_sim,2,48,0.038167855,25.98466667,0.887145754,12,32,32,12,a
wt_sim,2,48,0.038167855,25.98466667,0.887145754,12,0,0,12,c
wt_sim,2,48,0.038167855,25.98466667,0.887145754,12,16,16,12,g
wt_sim,2,48,0.038167855,25.98466667,0.887145754,12,0,0,12,t
wt_sim,3,31,0.123542134,35.66148387,0.739839121,8,0,16,8,a
wt_sim,3,31,0.123542134,35.66148387,0.739839121,8,31,0,7,c
wt_sim,3,31,0.123542134,35.66148387,0.739839121,7,0,15,8,g
wt_sim,3,31,0.123542134,35.66148387,0.739839121,8,0,0,8,t
wt_sim,4,52,0.24862867,49.83951923,5.914647851,12,16,3,13,a
wt_sim,4,52,0.24862867,49.83951923,5.914647851,15,17,48,14,c
wt_sim,4,52,0.24862867,49.83951923,5.914647851,13,16,1,13,g
wt_sim,4,52,0.24862867,49.83951923,5.914647851,12,3,0,12,t
wt_sim,5,1,0.434638898,70.923,0,0,0,1,0,a
wt_sim,5,1,0.434638898,70.923,0,1,0,0,0,c
wt_sim,5,1,0.434638898,70.923,0,0,0,0,0,g
wt_sim,5,1,0.434638898,70.923,0,0,1,0,1,t
wt_sim,6,108,1,135.0043148,37.03488196,28,16,12,27,a
wt_sim,6,108,1,135.0043148,37.03488196,24,16,16,27,c
wt_sim,6,108,1,135.0043148,37.03488196,28,16,16,27,g
wt_sim,6,108,1,135.0043148,37.03488196,28,60,64,27,t
eqr_known,7,1,0,0.20996046,0,0,0,0,0,c
eqr_known,7,1,0,0.20996046,0,1,1,0,0,g
eqr_known,7,1,0,0.20996046,0,0,0,0,0,t
eqr_known,8,7,0.075460584,0.280642769,0.02468669,3,0,4,1,a
eqr_known,8,7,0.075460584,0.280642769,0.02468669,2,0,0,2,c
eqr_known,8,7,0.075460584,0.280642769,0.02468669,0,7,1,3,g
eqr_known,8,7,0.075460584,0.280642769,0.02468669,2,0,2,1,t
eqr_known,9,4,0.27323293,0.46589188,0.040303183,0,1,1,0,a
eqr_known,9,4,0.27323293,0.46589188,0.040303183,1,0,0,0,c
eqr_known,9,4,0.27323293,0.46589188,0.040303183,2,3,2,4,g
eqr_known,9,4,0.27323293,0.46589188,0.040303183,1,0,1,0,t
eqr_known,10,8,0.415612188,0.599255475,0.024643078,3,0,2,1,a
eqr_known,10,8,0.415612188,0.599255475,0.024643078,2,0,0,3,c
eqr_known,10,8,0.415612188,0.599255475,0.024643078,2,8,5,2,g
eqr_known,10,8,0.415612188,0.599255475,0.024643078,1,0,1,2,t
eqr_known,11,223,1,1.146638994,0.092135013,54,63,47,59,a
eqr_known,11,223,1,1.146638994,0.092135013,57,64,60,59,c
eqr_known,11,223,1,1.146638994,0.092135013,56,32,56,47,g
eqr_known,11,223,1,1.146638994,0.092135013,56,64,60,58,t
eqr_sim,1,64,0,30.54370625,0.662091392,16,0,16,16,a
eqr_sim,1,64,0,30.54370625,0.662091392,16,0,16,16,c
eqr_sim,1,64,0,30.54370625,0.662091392,16,64,16,16,g
eqr_sim,1,64,0,30.54370625,0.662091392,16,0,16,16,t
eqr_sim,2,64,0.02638342,33.23129063,0.399296235,16,64,16,16,a
eqr_sim,2,64,0.02638342,33.23129063,0.399296235,16,0,16,16,c
eqr_sim,2,64,0.02638342,33.23129063,0.399296235,16,0,16,16,g
eqr_sim,2,64,0.02638342,33.23129063,0.399296235,16,0,16,16,t
eqr_sim,3,64,0.093818966,40.10070781,0.566914042,16,0,16,16,a
eqr_sim,3,64,0.093818966,40.10070781,0.566914042,16,64,16,16,c
eqr_sim,3,64,0.093818966,40.10070781,0.566914042,16,0,16,16,g
eqr_sim,3,64,0.093818966,40.10070781,0.566914042,16,0,16,16,t
eqr_sim,4,54,0.349440688,66.13997593,8.240453661,12,0,11,12,a
eqr_sim,4,54,0.349440688,66.13997593,8.240453661,13,0,15,16,c
eqr_sim,4,54,0.349440688,66.13997593,8.240453661,13,0,12,10,g
eqr_sim,4,54,0.349440688,66.13997593,8.240453661,16,54,16,16,t
eqr_sim,5,10,1,132.41012,15.61535479,4,0,5,4,a
eqr_sim,5,10,1,132.41012,15.61535479,3,0,1,0,c
eqr_sim,5,10,1,132.41012,15.61535479,3,0,4,6,g
eqr_sim,5,10,1,132.41012,15.61535479,0,10,0,0,t
